<?xml version="1.0" encoding="utf-8"?>
<!DOCTYPE hibernate-mapping PUBLIC "-//Hibernate/Hibernate Mapping DTD 3.0//EN"
"http://www.hibernate.org/dtd/hibernate-mapping-3.0.dtd">
<!-- 
    Mapping file autogenerated by MyEclipse Persistence Tools
-->
<hibernate-mapping>
    <class name="model.Dailycoast" table="dailycoast" catalog="account">
        <id name="day" type="java.lang.String">
            <column name="day" length="5" />
            <generator class="assigned" />
        </id>
        <property name="month" type="java.lang.String">
            <column name="month" length="5" not-null="true" />
        </property>
        <property name="study" type="java.lang.Double">
            <column name="study" precision="22" scale="0" not-null="true" />
        </property>
        <property name="eat" type="java.lang.Double">
            <column name="eat" precision="22" scale="0" not-null="true" />
        </property>
        <property name="shop" type="java.lang.Double">
            <column name="shop" precision="22" scale="0" not-null="true" />
        </property>
        <property name="extertainment" type="java.lang.Double">
            <column name="extertainment" precision="22" scale="0" not-null="true" />
        </property>
        <property name="other" type="java.lang.Double">
            <column name="other" precision="22" scale="0" not-null="true" />
        </property>
        <property name="sum" type="java.lang.Double">
            <column name="sum" precision="22" scale="0" not-null="true" />
        </property>
    </class>
</hibernate-mapping>
